{"cameraMode":{"drawMode":0,"name":"Shaded","section":"Shading Mode"},"sceneLighting":false,"audioPlay":false,"sceneViewState":{"showFog":true,"showMaterialUpdate":false,"showSkybox":false,"showFlares":true,"showImageEffects":true,"showParticleSystems":true},"in2DMode":false,"pivot":{"x":-11.485179901123047,"y":-12.591360092163086,"z":16.535633087158204},"rotation":{"x":0.022660857066512109,"y":0.8280296325683594,"z":-0.03355354815721512,"w":0.5592217445373535},"size":27.57959747314453,"orthographic":false}