{"cameraMode":{"drawMode":0,"name":"Shaded","section":"Shading Mode"},"sceneLighting":true,"audioPlay":false,"sceneViewState":{"showFog":true,"showMaterialUpdate":false,"showSkybox":true,"showFlares":true,"showImageEffects":true,"showParticleSystems":true},"in2DMode":false,"pivot":{"x":-13.650335311889649,"y":17.512693405151368,"z":27.482391357421876},"rotation":{"x":-0.1463027000427246,"y":-0.2502083480358124,"z":0.038278501480817798,"w":-0.9563096761703491},"size":245.75599670410157,"orthographic":false}