{"cameraMode":{"drawMode":0,"name":"Shaded","section":"Shading Mode"},"sceneLighting":true,"audioPlay":false,"sceneViewState":{"showFog":true,"showMaterialUpdate":false,"showSkybox":true,"showFlares":true,"showImageEffects":true,"showParticleSystems":true},"in2DMode":false,"pivot":{"x":0.00000762939453125,"y":0.00000762939453125,"z":37.691383361816409},"rotation":{"x":0.004448526073247194,"y":0.7367879152297974,"z":0.004862900357693434,"w":-0.6761173605918884},"size":214.4204864501953,"orthographic":true}